{
  "name": "Header group",
  "type": "header",
  "sections": {
    "announcement-bar": {
      "type": "announcement-bar",
      "blocks": {
        "announcement-bar-0": {
          "type": "announcement",
          "settings": {
            "text": "Free shipping on orders over $75 - Handcrafted with love ❤️",
            "link": ""
          }
        }
      },
      "block_order": ["announcement-bar-0"],
      "settings": {}
    },
    "utility-bar": {
      "type": "utility-bar",
      "settings": {
        "show_phone": true,
        "contact_text": "CALL US:",
        "phone": "(1800) 000 8808",
        "enable_country_selector": true
      }
    },
    "header": {
      "type": "header",
      "settings": {
        "menu": "main-menu",
        "sticky_header_type": true
      }
    }
  },
  "order": ["announcement-bar", "utility-bar", "header"]
}
