{
  "sections": {
    "main": {
      "type": "main-article",
      "blocks": {
        "featured_image": {
          "type": "featured_image",
          "settings": {
            "image_height": "adapt"
          }
        },
        "title": {
          "type": "title",
          "settings": {
            "blog_show_date": true,
            "blog_show_author": false
          }
        },
        "share": {
          "type": "share",
          "settings": {
            "share_label": "Share"
          }
        },
        "content": {
          "type": "content",
          "settings": {}
        }
      },
      "block_order": ["featured_image", "title", "share", "content"],
      "settings": {}
    },
    "blog-posts": {
      "type": "blog-posts",
      "settings": {
        "heading": "Read next",
        "heading_size": "h0",
        "blog": "",
        "post_limit": 3,
        "columns_desktop": 3,
        "color_scheme": "background-1",
        "show_image": true,
        "show_date": true,
        "show_author": false,
        "show_blog_name": false,
        "show_excerpt": false,
        "padding_top": 36,
        "padding_bottom": 36
      }
    }
  },
  "order": ["main", "blog-posts"]
}
