{
  "sections": {
    "hero_banner": {
      "type": "hero-banner",
      "settings": {
        "title": "Handcrafted with Love",
        "subtitle": "Discover unique artisanal products made by skilled craftspeople around the world",
        "button_text": "Shop Collection",
        "button_link": ""
      }
    },
    "featured_products": {
      "type": "featured-collection",
      "settings": {
        "title": "Featured Products",
        "heading_size": "h1",
        "description": "",
        "show_description": false,
        "description_style": "body",
        "collection": "",
        "products_to_show": 4,
        "columns_desktop": 4,
        "full_width": false,
        "show_view_all": true,
        "view_all_style": "solid",
        "enable_desktop_slider": false,
        "color_scheme": "background-1",
        "image_ratio": "adapt",
        "show_secondary_image": false,
        "show_vendor": false,
        "show_rating": false,
        "enable_quick_add": false,
        "columns_mobile": "2",
        "swipe_on_mobile": false,
        "padding_top": 36,
        "padding_bottom": 36
      }
    },
    "image_with_text": {
      "type": "image-with-text",
      "blocks": {
        "heading": {
          "type": "heading",
          "settings": {
            "heading": "Our Maker Story",
            "heading_size": "h1"
          }
        },
        "text": {
          "type": "text",
          "settings": {
            "text": "<p>Every piece in our collection tells a story of passion, skill, and dedication. Our artisans pour their hearts into creating unique, handcrafted items that bring beauty and meaning to your everyday life.</p>",
            "text_style": "body"
          }
        },
        "button": {
          "type": "button",
          "settings": {
            "button_label": "Learn More",
            "button_link": "",
            "button_style_secondary": false
          }
        }
      },
      "block_order": ["heading", "text", "button"],
      "settings": {
        "height": "adapt",
        "desktop_image_width": "medium",
        "layout": "image_first",
        "desktop_content_position": "top",
        "desktop_content_alignment": "left",
        "content_layout": "no-overlap",
        "color_scheme": "background-1",
        "mobile_content_alignment": "left",
        "padding_top": 36,
        "padding_bottom": 36
      }
    },
    "newsletter": {
      "type": "newsletter",
      "settings": {
        "heading": "Stay Connected",
        "subtext": "<p>Subscribe to get special offers, free giveaways, and once-in-a-lifetime deals.</p>",
        "color_scheme": "background-2"
      }
    }
  },
  "order": ["hero_banner", "featured_products", "image_with_text", "newsletter"]
}
