[
  {
    "name": "theme_info",
    "theme_name": "Artisan Market",
    "theme_version": "1.0.0",
    "theme_author": "Your Name",
    "theme_documentation_url": "https://help.shopify.com/manual/online-store/themes",
    "theme_support_url": "https://support.shopify.com/"
  },
  {
    "name": "Colors",
    "settings": [
      {
        "type": "header",
        "content": "Primary colors"
      },
      {
        "type": "color",
        "id": "colors_accent_1",
        "label": "Accent 1",
        "default": "#121212"
      },
      {
        "type": "color",
        "id": "colors_accent_2",
        "label": "Accent 2",
        "default": "#334FB4"
      },
      {
        "type": "header",
        "content": "Background colors"
      },
      {
        "type": "color",
        "id": "colors_background_1",
        "label": "Background 1",
        "default": "#FFFFFF"
      },
      {
        "type": "color",
        "id": "colors_background_2",
        "label": "Background 2",
        "default": "#F3F3F3"
      },
      {
        "type": "header",
        "content": "Text colors"
      },
      {
        "type": "color",
        "id": "colors_text",
        "label": "Text",
        "default": "#121212"
      },
      {
        "type": "color",
        "id": "colors_solid_button_labels",
        "label": "Solid button labels",
        "default": "#FFFFFF"
      }
    ]
  },
  {
    "name": "Typography",
    "settings": [
      {
        "type": "header",
        "content": "Headings"
      },
      {
        "type": "font_picker",
        "id": "type_header_font",
        "label": "Font",
        "default": "assistant_n4"
      },
      {
        "type": "header",
        "content": "Body text"
      },
      {
        "type": "font_picker",
        "id": "type_body_font",
        "label": "Font",
        "default": "assistant_n4"
      }
    ]
  },
  {
    "name": "Layout",
    "settings": [
      {
        "type": "range",
        "id": "page_width",
        "min": 1000,
        "max": 1600,
        "step": 100,
        "default": 1200,
        "unit": "px",
        "label": "Maximum page width"
      }
    ]
  },
  {
    "name": "Social media",
    "settings": [
      {
        "type": "header",
        "content": "Social accounts"
      },
      {
        "type": "text",
        "id": "social_twitter_link",
        "label": "Twitter",
        "info": "https://twitter.com/shopify"
      },
      {
        "type": "text",
        "id": "social_facebook_link",
        "label": "Facebook",
        "info": "https://facebook.com/shopify"
      },
      {
        "type": "text",
        "id": "social_pinterest_link",
        "label": "Pinterest",
        "info": "https://pinterest.com/shopify"
      },
      {
        "type": "text",
        "id": "social_instagram_link",
        "label": "Instagram",
        "info": "https://instagram.com/shopify"
      },
      {
        "type": "text",
        "id": "social_tiktok_link",
        "label": "TikTok",
        "info": "https://tiktok.com/@shopify"
      },
      {
        "type": "text",
        "id": "social_youtube_link",
        "label": "YouTube",
        "info": "https://youtube.com/shopify"
      }
    ]
  },
  {
    "name": "Favicon",
    "settings": [
      {
        "type": "image_picker",
        "id": "favicon",
        "label": "Favicon image",
        "info": "Will be scaled down to 32 x 32px"
      }
    ]
  },
  {
    "name": "Cart",
    "settings": [
      {
        "type": "select",
        "id": "cart_type",
        "options": [
          {
            "value": "drawer",
            "label": "Drawer"
          },
          {
            "value": "page",
            "label": "Page"
          }
        ],
        "default": "drawer",
        "label": "Cart type"
      },
      {
        "type": "checkbox",
        "id": "show_cart_note",
        "default": true,
        "label": "Enable cart note"
      }
    ]
  }
]
