{
  "current": {
    "colors_accent_1": "#121212",
    "colors_accent_2": "#334FB4",
    "colors_background_1": "#FFFFFF",
    "colors_background_2": "#F3F3F3",
    "colors_text": "#121212",
    "colors_solid_button_labels": "#FFFFFF",
    "type_header_font": "assistant_n4",
    "type_body_font": "assistant_n4",
    "page_width": 1200,
    "cart_type": "drawer",
    "show_cart_note": true,
    "sections": {
      "header": {
        "type": "header",
        "settings": {
          "logo_position": "middle-left",
          "menu": "main-menu",
          "sticky_header_type": "on-scroll-up",
          "show_line_separator": true,
          "enable_country_selector": true,
          "enable_language_selector": true,
          "color_scheme": "background-1"
        }
      },
      "footer": {
        "type": "footer",
        "blocks": {
          "footer-0": {
            "type": "link_list",
            "settings": {
              "heading": "Quick links",
              "menu": "footer"
            }
          },
          "footer-1": {
            "type": "text",
            "settings": {
              "heading": "About Us",
              "subtext": "<p>Share store details, promotions, or brand content with your customers.</p>"
            }
          },
          "footer-2": {
            "type": "newsletter",
            "settings": {
              "heading": "Subscribe to our emails",
              "subtext": "<p>Be the first to know about new collections and exclusive offers.</p>"
            }
          }
        },
        "block_order": ["footer-0", "footer-1", "footer-2"],
        "settings": {
          "color_scheme": "background-1",
          "enable_language_selector": true,
          "enable_country_selector": true,
          "payment_enable": true
        }
      }
    },
    "content_for_index": []
  },
  "presets": {
    "Artisan Market": {
      "colors_accent_1": "#121212",
      "colors_accent_2": "#334FB4",
      "colors_background_1": "#FFFFFF",
      "colors_background_2": "#F3F3F3",
      "colors_text": "#121212",
      "colors_solid_button_labels": "#FFFFFF",
      "type_header_font": "assistant_n4",
      "type_body_font": "assistant_n4",
      "page_width": 1200,
      "cart_type": "drawer",
      "show_cart_note": true,
      "sections": {
        "announcement-bar": {
          "type": "announcement-bar",
          "blocks": {
            "announcement-bar-0": {
              "type": "announcement",
              "settings": {
                "text": "Welcome to our store",
                "color_scheme": "background-1",
                "link": ""
              }
            }
          },
          "block_order": ["announcement-bar-0"],
          "settings": {}
        },
        "header": {
          "type": "header",
          "settings": {
            "logo_position": "middle-left",
            "menu": "main-menu",
            "sticky_header_type": "on-scroll-up",
            "show_line_separator": true,
            "enable_country_selector": true,
            "enable_language_selector": true,
            "color_scheme": "background-1"
          }
        },
        "footer": {
          "type": "footer",
          "blocks": {
            "footer-0": {
              "type": "link_list",
              "settings": {
                "heading": "Quick links",
                "menu": "footer"
              }
            },
            "footer-1": {
              "type": "text",
              "settings": {
                "heading": "About Us",
                "subtext": "<p>Share store details, promotions, or brand content with your customers.</p>"
              }
            },
            "footer-2": {
              "type": "newsletter",
              "settings": {
                "heading": "Subscribe to our emails",
                "subtext": "<p>Be the first to know about new collections and exclusive offers.</p>"
              }
            }
          },
          "block_order": ["footer-0", "footer-1", "footer-2"],
          "settings": {
            "color_scheme": "background-1",
            "enable_language_selector": true,
            "enable_country_selector": true,
            "payment_enable": true
          }
        }
      }
    }
  }
}
